company,baseline_t1,baseline_t2
AUSTRAL GROUP SAA,60618.625,56703.333333333336
CFG-COPEINCA,180990.65,187683.33333333334
HAYDUK,88069.0,76970.66666666667
PESQUERA CENTINELA S.A.C,24946.571428571428,22816.714285714286
PESQUERA DIAMANTE S.A.,70391.71428571429,74726.5
PESQUERA EXALMAR S.A.A.,63795.61330526666,54825.42857142857
TASA,122897.5,105673.44318873333
